COMPONENT NAME;TYPE;SUBSYSTEM;CONTROLLED/READ BY;NECESSITY STATUS;FUNCTION;JUSTIFICATION;REQUIREMENTS;Part name;Link to Datasheet;COMMENTS;ACTION NEEDED;LAST CHANGED BY;Column1;;;;;;;;;;;;;;;;;Possible status values;;;Possible Subsytem Values;;Possible Types
Vacuum pump 1;Electrical Component;Pressurization system;Pressure MCU;DECIDED;Pressurise ambient air to 0.5 bar;Necessary to pressurise measurement chamber to 3 bar;"Volumetric flow rate at intake pressure p=0.04 bar: at least 0.4 l/min; Able to run continously; ";G4-4 Series Diaphragm Pump;https://www.alibaba.com/product-detail/PENGPU-G4BL-4-Micro-Mini-Brushless_1600365069688.html?spm=a2700.details.you_may_like.1.403f4815CotgK0;Not entirely sure about the link. Datasheet can also be found on the Drive under Mechanical;NO;;;;;;;;;;;;;;;;;;;DECIDED;;;Pressurization system;;Mechanical Component
Vacuum pump 2;Electrical Component;Pressurization system;Pressure MCU;DECIDED;Pressurise 0.5 bar air to 1 bar;Necessary to pressurise measurement chamber to 3 bar;"Volumetric flow rate at intake pressure p=0.04 bar: at least 0.4 l/min; Able to run continously; ";G4-4 Series Diaphragm Pump;https://www.alibaba.com/product-detail/PENGPU-G4BL-4-Micro-Mini-Brushless_1600365069688.html?spm=a2700.details.you_may_like.1.403f4815CotgK0;Not entirely sure about the link. Datasheet can also be found on the Drive under Mechanical;NO;;;;;;;;;;;;;;;;;;;UNDECIDED;;;Thermal system;;Sensor
Compressor;Electrical Component;Pressurization system;Pressure MCU;DECIDED;Pressurise air of vacuum pump output from 1 bar to 3 bar;Necessary to pressurise measurement chamber to 3 bar;"Mass flow rate at intake pressure p=1 bar: between 7.52 g/min and down to 0.04 g/min; Able to run continously";W6 Series piston pump;https://www.alibaba.com/product-detail/PENGPU-12V-24V-Brushless-Micro-Piston_1601293078853.html;;NO;;;;;;;;;;;;;;;;;;;;;;K96;;Electrical Component
Pipe 1;Mechanical component;Pressurization system;-;DECIDED;Deliver ambient air to Vacuum pump 1;Necessary for vacuum pump 1 to work;Sturdy, non-outgassing, thermally conductive;-;-;Might be a spiral/solenoid to increase potential for thermalisation. Subject to modelling and tests;YES;;;;;;;;;;;;;;;;;;;;;;Ambient sensors;;
Pipe 2;Mechanical component;Pressurization system;-;DECIDED;Deliver air of Vacuum pump 1 to Vacuum pump 2;Necessary for vacuum pump 2 to work;Sturdy, non-outgassing, thermally conductive;-;-;Might be a spiral/solenoid to increase potential for thermalisation. Subject to modelling and tests;YES;;;;;;;;;;;;;;;;;;;;;;Main MCU;;
Pipe 3;Mechanical component;Pressurization system;-;DECIDED;Deliver air of vacuum pump output to compressor;Necessary for compressorto work;Sturdy, non-outgassing, thermally conductive;-;-;;YES;;;;;;;;;;;;;;;;;;;;;;;;
Pipe 4;Mechanical component;Pressurization system;-;DECIDED;Deliver compressed air to pressure chamber;Necessary for pressure chamber to be pressurized;Sturdy, non-outgassing, thermally conductive;-;-;;YES;;;;;;;;;;;;;;;;;;;;;;;;
Pipe 5;Mechanical component;Pressurization system;-;DECIDED;Deliver air from pressure chamber to outside environment;Necessary for constant air flow through pressure chamber;Sturdy, non-outgassing, thermally conductive;-;-;Might be a bell nozzle so that the air expands a bit more slowly and the air flow is more controlled. Subject to modelling and testing;YES;;;;;;;;;;;;;;;;;;;;;;;;
TP1;Sensor;Pressurization system;Main MCU;DECIDED;Measure pump temperature;Prevent overheating of Vacuum pump 1;max uncertainty: 1.5 K, range: -10 to 70 °C, min sampling rate: 1 Hz;TMP1075DGKR;https://www.digikey.com/en/products/detail/texas-instruments/TMP1075DGKR/9692553;The temperature sensors of all pumps can be the same;NO;changed by thermal;;;;;;;;;;;;;;;;;;;;;;;
TP2;Sensor;Pressurization system;Main MCU;UNDECIDED;Measure pump temperature;Prevent overheating of Vacuum pump 2;max uncertainty: 1.5 K, range: -10 to 70 °C, min sampling rate: 1 Hz;TMP1075DGKR;https://www.digikey.com/en/products/detail/texas-instruments/TMP1075DGKR/9692553;Maybe we could get away with monitoring the temperature of only one vacuum pump, since they are identical;NO;changed by thermal;;;;;;;;;;;;;;;;;;;;;;;
TP3;Sensor;Pressurization system;Main MCU;DECIDED;Measure compressor temperature;Prevent overheating of compressor;max uncertainty: 1.5 K, range: -10 -to 70 °C, min sampling rate: 1 Hz;TMP1075DGKR;https://www.digikey.com/en/products/detail/texas-instruments/TMP1075DGKR/9692553;The temperature sensors of all pumps can be the same;NO;changed by thermal;;;;;;;;;;;;;;;;;;;;;;;
TP4;Sensor;Pressurization system;Main MCU;UNDECIDED;Measure vacuum pump discharge air temperature;Make sure air is cool enough for compressor;max uncertainty: 10 K, range: -10 to 50 °C, min sampling rate: 1 Hz;ABP2;https://www.farnell.com/datasheets/3217178.pdf;might be same as PP1;NO;;;;;;;;;;;;;;;;;;;;;;;;
TP5;Sensor;Pressurization system;Main MCU;UNDECIDED;Measure compressor discharge air temperature;Make sure air is cool enough for K96;max uncertainty: 10 K, range: -10  to 50 °C, min sampling rate: 1 Hz;SHT45;-;The MS5803 can measure temperature as well With proper testing we might conclude that choosing the right pipe material and length is enough to ensure that the air thermalizes;YES;;;;;;;;;;;;;;;;;;;;;;;;
PP1;Sensor;Pressurization system;Main MCU;DECIDED;Measure pressure inside Pipe 3;Make sure vacuum pumps and compressor run on same mass flow setting;max uncertainty: 0.02 bar, range: 0.8-1.2 bar, min sampling rate: 10 Hz.;ABP2;https://www.farnell.com/datasheets/3217178.pdf;Measures both temperature and pressure. ;NO;4/15 ( changed to one with 0-30psi range from 0-150 for better accuracy )By thermal;;;;;;;;;;;;;;;;;;;;;;;
PP2;Sensor;Pressurization system;Main MCU;DECIDED;Measure pressure inside pressure chamber;Make sure pressurization system provides 3 bar. Used for Science data;max uncertainty: 0.02 bar, range: 0.3-4 bar, min sampling rate: 10 Hz;MS5803;https://www.farnell.com/datasheets/2917213.pdf;;NO;changed by thermal;;;;;;;;;;;;;;;;;;;;;;;
K96;Electrical Component;K96;Main MCU;DECIDED;Measuring atmospheric gas concentrations;Main component of the experiment;"when active: environmental pressure shall be between 2.5 and 3.2 bar and should be between 2.8 and 3 bar; temperature shall be between 15 and 40°C and should be between 19 and 24°C";K96;See drive under Electrical > K96;;NO;;;;;;;;;;;;;;;;;;;;;;;;
TK1;Sensor;K96;Main MCU;DECIDED;Measure temperature inside pressure chamber;Used for thermal control of pressure chamber and for Science data. Included in K96;max uncertainty: 1.5K, range: -40 to 85 °C, min sampling rate: 10 Hz;BME280;See drive under Electrical > Sensors;;NO;;;;;;;;;;;;;;;;;;;;;;;;
PK1;Sensor;K96;Main MCU;DECIDED;Measure pressure inside pressure chamber;Not used for anything, since its range is too low. Included in K96;Will not be used;BME280;See drive under Electrical > Sensors;This sensor only measures up to 1.2 bar, is therefore not compliant to requirements. It will not be used;NO;;;;;;;;;;;;;;;;;;;;;;;;
HK1;Sensor;K96;Main MCU;DECIDED;Measure humidity inside pressure chamber;Used for humidity control and for Science data. Included in K96;max uncertainty: 3% rH, range: 0 to 100 %, min sampling rate: 10 Hz;BME280;See drive under Electrical > Sensors;;NO;;;;;;;;;;;;;;;;;;;;;;;;
MK1;Sensor;K96;Main MCU;DECIDED;Measure methane inside pressure chamber;Used for Science data. Included in K96;max uncertainty: 0.5 ppm, range: 0.4 to 3.0 ppm, min sampling rate: 10 Hz;K96;See drive under Electrical > K96;;NO;;;;;;;;;;;;;;;;;;;;;;;;
CK1;Sensor;K96;Main MCU;DECIDED;Measure carbondioxide inside pressure chamber;Used for Science data. Included in K96;max uncertainty: 5ppm, range:  200 to 500 ppm, min sampling rate: 10 Hz;K96;See drive under Electrical > K96;;NO;;;;;;;;;;;;;;;;;;;;;;;;
WK1;Sensor;K96;Main MCU;DECIDED;Measure water inside pressure chamber;Used for Science data. Included in K96;max uncertainty: 5 ppm, range: 1 to 30,000 ppm, min sampling rate: 10 Hz;K96;See drive under Electrical > K96;;NO;;;;;;;;;;;;;;;;;;;;;;;;
Main MCU;Electrical Component;Main MCU;-;DECIDED;Control various experiment components. Save data to SD card and control communication;Necessary for basic experiment functions;?;Esp32-C5-WROOM-1;https://documentation.espressif.com/esp32-c5-wroom-1_wroom-1u_datasheet_en.html;;NO;changed by MCU;;;;;;;;;;;;;;;;;;;;;;;
SD Card;Electrical Component;Main MCU;Main MCU;DECIDED;Save all experiment data;Necessary for data collection;storage temp range: -40 to + 60 °C, operating temp range: -10 to +60°C, min size: 16 Gb;SP016GBSTHBU1V10SP;https://fi.rsdelivers.com/product/silicon-power/sp016gbsthbu1v10sp/silicon-power-16-gb-microsd-microsd-uhs-i-u1-class/2883811;From SED. I am not entirely sure about this link. According to this, the SD card can store data down to -40°C, but operates only above 0°C. Not compliant with requirements. Maybe change requirements? A second SD card might make sense;YES;;;;;;;;;;;;;;;;;;;;;;;;
Valve shutter;Mechanical Component;Pressurization system;Main MCU;DECIDED;Close outlet valve;Prevents pressure drops in the pressure chamber;Shall be able to operate in -20 to +60 °C, leak free, Shall close by default if Main MCU hangs;-;https://www.aliexpress.com/item/1005009204463076.html;More power efficient version might be needed;NO;;;;;;;;;;;;;;;;;;;;;;;;
TA1;Sensor;Ambient sensors;Main MCU;DECIDED;Measure ambient temperature;Necessary for Science data;max uncertainty: 1.5 K, range: -80 to +60 °C, sampling rate: 10 Hz;TMP117;https://www.electrokit.com/upload/quick/28/bc/9f23_41032869-tds.pdf;Not rated for -80°C, only -55°C. There is no better alternative without alot of added complexity;NO;changed back by MCU after input from Uwe regarding complexity of PT1000 sensor;;;;;;;;;;;;;;;;;;;;;;;
PA1;Sensor;Ambient sensors;Main MCU;DECIDED;Measure ambient pressure;Necessary for pressurization system and for Science data;max uncertainty: 0.02 bar, range: 0.02-1.100 bar, min sampling rate: 10 Hz. Operating temp range: -80°C to +60°C;MS5803;https://www.farnell.com/datasheets/2917213.pdf;Place pressure sensor inside so it does not have to withstand -80°C;NO;changed by MCU;;;;;;;;;;;;;;;;;;;;;;;
HA1;Sensor;Ambient sensors;Main MCU;DECIDED;Measure ambient humidity;Necessary for humidity control and Science data;max uncertainty: 3% rH, range: 0 to 100 %, min sampling rate: 10 Hz. Operating temp range: -80°C to +60°C;SHT45;https://sensirion.com/products/catalog/SHT45;From SED. Not compliant with requirements, only operative down to -40°C. Might work anyways, but is the best option;NO;approved by MCU;;;;;;;;;;;;;;;;;;;;;;;
Heater 1;Electrical Component;Thermal system;Thermal MCU;DECIDED;Heat outlet;Necessary to de-ice the outlet valve;?;-;-;;YES;;;;;;;;;;;;;;;;;;;;;;;;
Heater 2;Electrical Component;Thermal system;Thermal MCU;DECIDED;Heat SD card;Necessary to keep SD card within working temperature;?;-;-;;YES;;;;;;;;;;;;;;;;;;;;;;;;
Peltier unit 1;Electrical Component;Thermal system;Thermal MCU;UNDECIDED;Cool pressure chamber;Necessary to stabilize pressure chamber temperature;?;-;https://www.electrokit.com/en/peltierelement-40x40mm-12v-5a;With proper testing we might conclude that choosing the right pipe material and length is enough to ensure that the air thermalizes;YES;;;;;;;;;;;;;;;;;;;;;;;;
Peltier unit 2;Electrical Component;Thermal system;Thermal MCU;UNDECIDED;Cool air inside pipe 3;Needed if pumps heat air too much;?;;-;With proper testing we might conclude that choosing the right pipe material and length is enough to ensure that the air thermalizes;YES;added by thermal;retired;;;;;;;;;;;;;;;;;;;;;;
Heater 3;Electrical Component;Thermal system;Thermal MCU;DECIDED;Heat inflow air;Make sure air is warm enough for vacuum pump 1;?;-;-;With proper testing we might conclude that choosing the right pipe material and length is enough to ensure that the air thermalizes;YES;;;;;;;;;;;;;;;;;;;;;;;;
Heater 4;Electrical Component;Thermal system;Thermal MCU;DECIDED;Heat inflow air;Make sure air is warm enough for vacuum pump 2;?;-;-;With proper testing we might conclude that choosing the right pipe material and length is enough to ensure that the air thermalizes;YES;;retired;;;;;;;;;;;;;;;;;;;;;;
Heater 5;Electrical Component;Thermal system;Thermal MCU;DECIDED;Heat air inside pressure chamber;PID loop require fast response heating, peltier outside chamber walls is simply too slow for good control;?;-;-;Idea is to use thermal pad wrapped around k96 sensor for quick heating of the most sensitive part of the system, however this is not yet decided;YES;added by thermal;;;;;;;;;;;;;;;;;;;;;;;
TT1;Sensor;Thermal system;Thermal MCU;DECIDED;Monitor outlet temperature;Monitor performance of Heater 1;max uncertainty: 1.5 K, range: -70 to 60 °C, min sampling rate: 1 Hz;SHT45;-;;NO;changed by thermal;;;;;;;;;;;;;;;;;;;;;;;
TT2;Sensor;Thermal system;Main MCU;DECIDED;Monitor SD Card temperature;Necessary for control of Heater 2;max uncertainty: 1.5 K, range: -40 to 60 °C, min sampling rate: 1 Hz;TMP1075DGKR;;We might use SHT45, but it includes humidity as well and might be overkil;NO;changed by thermal;;;;;;;;;;;;;;;;;;;;;;;
TT3;Sensor;Thermal system;Main MCU;DECIDED;Monitor inflow air temperature;Necessary for control of Heater 3;max uncertainty: 1.5 K, range: -70 to 20 °C, min sampling rate: 1 Hz;SHT45;-;With proper testing we might conclude that choosing the right pipe material and length is enough to ensure that the air thermalizes;NO;changed by thermal;;;;;;;;;;;;;;;;;;;;;;;
TT4;Sensor;Thermal system;Main MCU;DECIDED;Monitor inflow air temperature;Necessary for control of Heater 4;max uncertainty: 1.5 K, range: -70 to 20 °C, min sampling rate: 1 Hz;SHT45;-;With proper testing we might conclude that choosing the right pipe material and length is enough to ensure that the air thermalizes;NO;changed by thermal;retired;;;;;;;;;;;;;;;;;;;;;;
PP3;Sensor;Pressurization system;Main MCU;DECIDED;Measure pressure inside pipe 2;Make sure that vacuum pumps are run such that Pipe 2 has stable 0.5 bar pressure;max uncertainty: 0.02 bar, range: 0.8-1.2 bar, min sampling rate: 10 Hz.;ABP2;https://www.farnell.com/datasheets/3217178.pdf;Measures both temperature and pressure. ;NO;;;;;;;;;;;;;;;;;;;;;;;;
TP6;Sensor;Pressurization system;Main MCU;UNDECIDED;Measure temperature inside pipe 2;Make sure that temperature of air intake for vacuum pump 2 is 0°C to 50°C;max uncertainty: 10 K, range: -10 to 50 °C, min sampling rate: 1 Hz;ABP2;https://www.farnell.com/datasheets/3217178.pdf;might be same as PP3;NO;;;;;;;;;;;;;;;;;;;;;;;;
PDB;Electrical Component;Main MCU;-;DECIDED;Deliver power to all components;Necessary for basic experiment functions;?;Custom design;;;NO;;;;;;;;;;;;;;;;;;;;;;;;
Thermal MCU;Electrical Component;Thermal system;-;DECIDED;Control heaters;We need to split the work load between MCUs because one does not have enough pins ;?;Custom design;;;NO;;;;;;;;;;;;;;;;;;;;;;;;
Pressure MCU;Electrical Component;Pressurization system;-;DECIDED;Control pumps;We need to split the work load between MCUs because one does not have enough pins ;?;Custom design;;;NO;;;;;;;;;;;;;;;;;;;;;;;;
;;;;;;;;;;;;;;;;;;;;;;;;;;;;;;;;;;;
;;;;;;;;;;;;;;;;;;;;;;;;;;;;;;;;;;;
;;;;;;;;;;;;;;;;;;;;;;;;;;;;;;;;;;;
;;;;;;;;;;;;;;;;;;;;;;;;;;;;;;;;;;;
;;;;;;;;;;;;;;;;;;;;;;;;;;;;;;;;;;;
;;;;;;;;;;;;;;;;;;;;;;;;;;;;;;;;;;;
;;;;;;;;;;;;;;;;;;;;;;;;;;;;;;;;;;;
;;;;;;;;;;;;;;;;;;;;;;;;;;;;;;;;;;;
;;;;;;;;;;;;;;;;;;;;;;;;;;;;;;;;;;;
;;;;;;;;;;;;;;;;;;;;;;;;;;;;;;;;;;;
;;;;;;;;;;;;;;;;;;;;;;;;;;;;;;;;;;;
;;;;;;;;;;;;;;;;;;;;;;;;;;;;;;;;;;;
;;;;;;;;;;;;;;;;;;;;;;;;;;;;;;;;;;;
;;;;;;;;;;;;;;;;;;;;;;;;;;;;;;;;;;;
;;;;;;;;;;;;;;;;;;;;;;;;;;;;;;;;;;;
;;;;;;;;;;;;;;;;;;;;;;;;;;;;;;;;;;;
;;;;;;;;;;;;;;;;;;;;;;;;;;;;;;;;;;;
;;;;;;;;;;;;;;;;;;;;;;;;;;;;;;;;;;;
;;;;;;;;;;;;;;;;;;;;;;;;;;;;;;;;;;;
;;;;;;;;;;;;;;;;;;;;;;;;;;;;;;;;;;;
;;;;;;;;;;;;;;;;;;;;;;;;;;;;;;;;;;;
;;;;;;;;;;;;;;;;;;;;;;;;;;;;;;;;;;;
;;;;;;;;;;;;;;;;;;;;;;;;;;;;;;;;;;;
;;;;;;;;;;;;;;;;;;;;;;;;;;;;;;;;;;;
;;;;;;;;;;;;;;;;;;;;;;;;;;;;;;;;;;;
;;;;;;;;;;;;;;;;;;;;;;;;;;;;;;;;;;;
;;;;;;;;;;;;;;;;;;;;;;;;;;;;;;;;;;;
;;;;;;;;;;;;;;;;;;;;;;;;;;;;;;;;;;;
;;;;;;;;;;;;;;;;;;;;;;;;;;;;;;;;;;;
;;;;;;;;;;;;;;;;;;;;;;;;;;;;;;;;;;;
